mode,player,blade,fh_rubber,bh_rubber,win_rate,matches,style,ci95_low,ci95_high,rank
Legacy,林高远,w968,dignics-09c,hurricane-3,1.0000,1,Spin Control,0.2065,1.0000,1
Legacy,莫雷加德,butterfly-viscaria,zyre-03,hurricane-3,1.0000,1,Defense Counter,0.2065,1.0000,1
Legacy,许昕,harimoto-alc,hurricane-3,hurricane-3,1.0000,1,Defense Counter,0.2065,1.0000,1
Legacy,王楚钦,q968,hurricane-8,hurricane-8,1.0000,1,Rally,0.2065,1.0000,1
Legacy,王楚钦,butterfly-viscaria,hurricane-8,hurricane-3,1.0000,1,Spin Control,0.2065,1.0000,2
Legacy,张本智和,lin-gaoyuan-alc,hurricane-8,hurricane-3,1.0000,1,Defense Counter,0.2065,1.0000,1
Legacy,莫雷加德,harimoto-alc,hurricane-8,hurricane-3,1.0000,1,Defense Counter,0.2065,1.0000,2
Legacy,樊振东,xu-xin-blue-label,tenergy-05,dignics-09c,1.0000,1,Defense Counter,0.2065,1.0000,1
Legacy,林高远,lin-gaoyuan-alc,dna-platinum-m,dignics-09c,1.0000,1,Defense Counter,0.2065,1.0000,2
Legacy,张继科,q968,dignics-09c,hurricane-3,1.0000,1,Spin Control,0.2065,1.0000,1
Legacy,许昕,stiga-cybershape-carbon,dignics-09c,hurricane-3,1.0000,1,Defense Counter,0.2065,1.0000,2
Legacy,王楚钦,xu-xin-blue-label,tenergy-05,hurricane-3,1.0000,1,Defense Counter,0.2065,1.0000,3
Legacy,莫雷加德,stiga-cybershape-carbon,tenergy-05,hurricane-3,1.0000,1,Defense Counter,0.2065,1.0000,3
Legacy,樊振东,harimoto-alc,desto-f1,zyre-03,1.0000,1,Spin Control,0.2065,1.0000,2
Legacy,林高远,stiga-cybershape-carbon,hurricane-8,dna-platinum-m,1.0000,1,Rally,0.2065,1.0000,3
Legacy,张继科,harimoto-alc,zyre-03,hurricane-3,1.0000,1,Spin Control,0.2065,1.0000,2
Legacy,张继科,butterfly-viscaria,desto-f1,dna-platinum-m,1.0000,1,Rally,0.2065,1.0000,3
Legacy,王楚钦,lin-gaoyuan-alc,dna-platinum-m,hurricane-3,1.0000,1,Defense Counter,0.2065,1.0000,4
Legacy,张本智和,harimoto-alc,dna-platinum-m,hurricane-3,1.0000,1,Spin Control,0.2065,1.0000,2
Legacy,张本智和,stiga-cybershape-carbon,hurricane-3,hurricane-3,1.0000,1,Spin Control,0.2065,1.0000,3
Legacy,樊振东,w968,tenergy-05,hurricane-3,1.0000,1,Spin Control,0.2065,1.0000,3
Legacy,樊振东,q968,desto-f1,hurricane-3,1.0000,1,Spin Control,0.2065,1.0000,4
Legacy,莫雷加德,xu-xin-blue-label,hurricane-3,hurricane-8,1.0000,1,Defense Counter,0.2065,1.0000,4
Legacy,张继科,q968,dignics-09c,hurricane-8,1.0000,1,Spin Control,0.2065,1.0000,4
Legacy,王楚钦,harimoto-alc,zyre-03,hurricane-8,1.0000,1,Spin Control,0.2065,1.0000,5
Legacy,马龙,fan-zhendong-alc,hurricane-3,dignics-09c,1.0000,1,Defense Counter,0.2065,1.0000,1
Legacy,许昕,w968,dignics-09c,dignics-09c,1.0000,1,Defense Counter,0.2065,1.0000,3
Legacy,张本智和,butterfly-viscaria,zyre-03,dignics-09c,1.0000,1,Spin Control,0.2065,1.0000,4
Legacy,樊振东,lin-gaoyuan-alc,desto-f1,dignics-09c,1.0000,1,Defense Counter,0.2065,1.0000,5
Legacy,林高远,q968,hurricane-8,tenergy-05,1.0000,1,Rally,0.2065,1.0000,4
Legacy,张继科,fan-zhendong-alc,dignics-09c,hurricane-8,1.0000,1,Spin Control,0.2065,1.0000,5
Legacy,张继科,fan-zhendong-alc,desto-f1,tenergy-05,1.0000,1,Rally,0.2065,1.0000,6
Legacy,王楚钦,w968,hurricane-8,zyre-03,1.0000,1,Spin Control,0.2065,1.0000,6
Legacy,马龙,xu-xin-blue-label,tenergy-05,zyre-03,1.0000,1,Defense Counter,0.2065,1.0000,2
Legacy,许昕,lin-gaoyuan-alc,dna-platinum-m,zyre-03,1.0000,1,Defense Counter,0.2065,1.0000,4
Legacy,张本智和,q968,hurricane-3,dna-platinum-m,1.0000,1,Spin Control,0.2065,1.0000,5
Legacy,樊振东,stiga-cybershape-carbon,tenergy-05,hurricane-8,1.0000,1,Rally,0.2065,1.0000,6
Legacy,张继科,w968,zyre-03,hurricane-8,1.0000,1,Spin Control,0.2065,1.0000,7
Legacy,许昕,xu-xin-blue-label,zyre-03,hurricane-8,1.0000,1,Defense Counter,0.2065,1.0000,5
Legacy,林高远,q968,zyre-03,hurricane-8,1.0000,1,Spin Control,0.2065,1.0000,5
Legacy,马龙,harimoto-alc,desto-f1,desto-f1,1.0000,1,Defense Counter,0.2065,1.0000,3
Legacy,许昕,stiga-cybershape-carbon,hurricane-8,hurricane-3,1.0000,1,Defense Counter,0.2065,1.0000,6
Legacy,莫雷加德,xu-xin-blue-label,dna-platinum-m,hurricane-8,1.0000,1,Defense Counter,0.2065,1.0000,5
Legacy,樊振东,butterfly-viscaria,desto-f1,hurricane-3,1.0000,1,Spin Control,0.2065,1.0000,7
Legacy,樊振东,fan-zhendong-alc,desto-f1,hurricane-8,1.0000,1,Rally,0.2065,1.0000,8
Legacy,张继科,butterfly-viscaria,desto-f1,hurricane-8,1.0000,1,Rally,0.2065,1.0000,8
Legacy,许昕,lin-gaoyuan-alc,desto-f1,hurricane-8,1.0000,1,Defense Counter,0.2065,1.0000,7
Legacy,林高远,harimoto-alc,desto-f1,hurricane-8,1.0000,1,Rally,0.2065,1.0000,6
Legacy,马龙,w968,tenergy-05,dignics-09c,1.0000,1,Defense Counter,0.2065,1.0000,4
Legacy,张本智和,butterfly-viscaria,hurricane-3,dignics-09c,1.0000,1,Spin Control,0.2065,1.0000,6
Legacy,马龙,stiga-cybershape-carbon,hurricane-3,dignics-09c,1.0000,1,Defense Counter,0.2065,1.0000,5
Legacy,樊振东,w968,hurricane-8,dignics-09c,1.0000,1,Spin Control,0.2065,1.0000,9
Legacy,张继科,xu-xin-blue-label,hurricane-8,dignics-09c,1.0000,1,Defense Counter,0.2065,1.0000,9
Legacy,张继科,w968,dignics-09c,zyre-03,1.0000,1,Spin Control,0.2065,1.0000,10
Legacy,王楚钦,w968,dignics-09c,dignics-09c,1.0000,1,Spin Control,0.2065,1.0000,7
Legacy,张本智和,xu-xin-blue-label,dignics-09c,dignics-09c,1.0000,1,Defense Counter,0.2065,1.0000,7
Legacy,张本智和,harimoto-alc,tenergy-05,dna-platinum-m,1.0000,1,Rally,0.2065,1.0000,8
Legacy,樊振东,fan-zhendong-alc,desto-f1,dna-platinum-m,1.0000,1,Rally,0.2065,1.0000,10
Legacy,王楚钦,q968,hurricane-3,hurricane-3,1.0000,1,Spin Control,0.2065,1.0000,8
Legacy,马龙,stiga-cybershape-carbon,dignics-09c,hurricane-3,1.0000,1,Defense Counter,0.2065,1.0000,6
Legacy,莫雷加德,harimoto-alc,zyre-03,dignics-09c,1.0000,1,Defense Counter,0.2065,1.0000,6
Legacy,马龙,w968,dna-platinum-m,dignics-09c,1.0000,1,Defense Counter,0.2065,1.0000,7
Legacy,王楚钦,fan-zhendong-alc,zyre-03,dignics-09c,1.0000,1,Spin Control,0.2065,1.0000,9
Legacy,马龙,butterfly-viscaria,desto-f1,dignics-09c,1.0000,1,Defense Counter,0.2065,1.0000,8
Legacy,许昕,xu-xin-blue-label,hurricane-8,tenergy-05,1.0000,1,Defense Counter,0.2065,1.0000,8
Legacy,莫雷加德,stiga-cybershape-carbon,desto-f1,dignics-09c,1.0000,1,Defense Counter,0.2065,1.0000,7
Legacy,林高远,stiga-cybershape-carbon,hurricane-3,zyre-03,1.0000,1,Spin Control,0.2065,1.0000,7
Legacy,许昕,fan-zhendong-alc,hurricane-8,tenergy-05,1.0000,1,Defense Counter,0.2065,1.0000,9
Legacy,王楚钦,xu-xin-blue-label,hurricane-3,dna-platinum-m,1.0000,1,Defense Counter,0.2065,1.0000,10
Legacy,马龙,q968,dignics-09c,dna-platinum-m,1.0000,1,Defense Counter,0.2065,1.0000,9
Legacy,张本智和,harimoto-alc,hurricane-8,tenergy-05,1.0000,1,Rally,0.2065,1.0000,9
Legacy,莫雷加德,fan-zhendong-alc,dignics-09c,tenergy-05,1.0000,1,Defense Counter,0.2065,1.0000,8
Legacy,莫雷加德,xu-xin-blue-label,desto-f1,desto-f1,1.0000,1,Defense Counter,0.2065,1.0000,9
Legacy,林高远,xu-xin-blue-label,tenergy-05,tenergy-05,1.0000,1,Defense Counter,0.2065,1.0000,8
Legacy,许昕,w968,hurricane-8,hurricane-8,1.0000,1,Defense Counter,0.2065,1.0000,10
Legacy,张本智和,butterfly-viscaria,tenergy-05,hurricane-8,1.0000,1,Rally,0.2065,1.0000,10
Legacy,马龙,fan-zhendong-alc,hurricane-3,hurricane-3,0.5000,2,Defense Counter,0.0945,0.9055,10
Legacy,林高远,stiga-cybershape-carbon,hurricane-8,dignics-09c,0.5000,2,Spin Control,0.0945,0.9055,9
Legacy,林高远,butterfly-viscaria,dna-platinum-m,hurricane-3,0.3333,3,Spin Control,0.0615,0.7923,10
Legacy,莫雷加德,q968,hurricane-3,tenergy-05,0.0000,1,Defense Counter,0.0000,0.7935,10
Candidate,林高远,w968,dignics-09c,hurricane-3,1.0000,1,Spin Control,0.2065,1.0000,1
Candidate,张继科,lin-gaoyuan-alc,hurricane-3,hurricane-3,1.0000,1,Defense Counter,0.2065,1.0000,1
Candidate,许昕,harimoto-alc,hurricane-3,hurricane-3,1.0000,1,Defense Counter,0.2065,1.0000,1
Candidate,王楚钦,q968,hurricane-8,hurricane-8,1.0000,1,Rally,0.2065,1.0000,1
Candidate,王楚钦,butterfly-viscaria,hurricane-8,hurricane-3,1.0000,1,Spin Control,0.2065,1.0000,2
Candidate,张本智和,lin-gaoyuan-alc,hurricane-8,hurricane-3,1.0000,1,Defense Counter,0.2065,1.0000,1
Candidate,莫雷加德,harimoto-alc,hurricane-8,hurricane-3,1.0000,1,Defense Counter,0.2065,1.0000,1
Candidate,马龙,w968,dignics-09c,hurricane-3,1.0000,1,Defense Counter,0.2065,1.0000,1
Candidate,林高远,lin-gaoyuan-alc,dna-platinum-m,dignics-09c,1.0000,1,Defense Counter,0.2065,1.0000,2
Candidate,许昕,stiga-cybershape-carbon,dignics-09c,hurricane-3,1.0000,1,Defense Counter,0.2065,1.0000,2
Candidate,林高远,w968,tenergy-05,hurricane-3,1.0000,1,Spin Control,0.2065,1.0000,3
Candidate,马龙,butterfly-viscaria,hurricane-3,zyre-03,1.0000,1,Defense Counter,0.2065,1.0000,2
Candidate,张本智和,q968,tenergy-05,hurricane-3,1.0000,1,Spin Control,0.2065,1.0000,2
Candidate,莫雷加德,stiga-cybershape-carbon,tenergy-05,hurricane-3,1.0000,1,Defense Counter,0.2065,1.0000,2
Candidate,樊振东,harimoto-alc,desto-f1,zyre-03,1.0000,1,Spin Control,0.2065,1.0000,1
Candidate,林高远,stiga-cybershape-carbon,hurricane-8,dna-platinum-m,1.0000,1,Rally,0.2065,1.0000,4
Candidate,张继科,harimoto-alc,zyre-03,hurricane-3,1.0000,1,Spin Control,0.2065,1.0000,2
Candidate,张继科,butterfly-viscaria,desto-f1,dna-platinum-m,1.0000,1,Rally,0.2065,1.0000,3
Candidate,王楚钦,lin-gaoyuan-alc,dna-platinum-m,hurricane-3,1.0000,1,Defense Counter,0.2065,1.0000,3
Candidate,张本智和,harimoto-alc,dna-platinum-m,hurricane-3,1.0000,1,Spin Control,0.2065,1.0000,3
Candidate,莫雷加德,fan-zhendong-alc,desto-f1,hurricane-3,1.0000,1,Defense Counter,0.2065,1.0000,3
Candidate,马龙,xu-xin-blue-label,desto-f1,hurricane-3,1.0000,1,Defense Counter,0.2065,1.0000,3
Candidate,樊振东,q968,desto-f1,hurricane-3,1.0000,1,Spin Control,0.2065,1.0000,2
Candidate,莫雷加德,xu-xin-blue-label,hurricane-3,hurricane-8,1.0000,1,Defense Counter,0.2065,1.0000,4
Candidate,许昕,w968,hurricane-3,hurricane-8,1.0000,1,Defense Counter,0.2065,1.0000,3
Candidate,马龙,fan-zhendong-alc,hurricane-3,dignics-09c,1.0000,1,Defense Counter,0.2065,1.0000,4
Candidate,许昕,w968,dignics-09c,dignics-09c,1.0000,1,Defense Counter,0.2065,1.0000,4
Candidate,樊振东,lin-gaoyuan-alc,desto-f1,dignics-09c,1.0000,1,Defense Counter,0.2065,1.0000,3
Candidate,樊振东,harimoto-alc,hurricane-8,hurricane-8,1.0000,1,Rally,0.2065,1.0000,4
Candidate,张继科,fan-zhendong-alc,dignics-09c,hurricane-8,1.0000,1,Spin Control,0.2065,1.0000,4
Candidate,张继科,fan-zhendong-alc,desto-f1,tenergy-05,1.0000,1,Rally,0.2065,1.0000,5
Candidate,王楚钦,w968,hurricane-8,zyre-03,1.0000,1,Spin Control,0.2065,1.0000,4
Candidate,马龙,xu-xin-blue-label,tenergy-05,zyre-03,1.0000,1,Defense Counter,0.2065,1.0000,5
Candidate,许昕,lin-gaoyuan-alc,dna-platinum-m,zyre-03,1.0000,1,Defense Counter,0.2065,1.0000,5
Candidate,莫雷加德,butterfly-viscaria,tenergy-05,hurricane-8,1.0000,1,Defense Counter,0.2065,1.0000,5
Candidate,张继科,w968,zyre-03,hurricane-8,1.0000,1,Spin Control,0.2065,1.0000,6
Candidate,许昕,xu-xin-blue-label,zyre-03,hurricane-8,1.0000,1,Defense Counter,0.2065,1.0000,6
Candidate,王楚钦,lin-gaoyuan-alc,zyre-03,desto-f1,1.0000,1,Defense Counter,0.2065,1.0000,5
Candidate,马龙,harimoto-alc,desto-f1,desto-f1,1.0000,1,Defense Counter,0.2065,1.0000,6
Candidate,许昕,stiga-cybershape-carbon,hurricane-8,hurricane-3,1.0000,1,Defense Counter,0.2065,1.0000,7
Candidate,莫雷加德,xu-xin-blue-label,dna-platinum-m,hurricane-8,1.0000,1,Defense Counter,0.2065,1.0000,6
Candidate,樊振东,butterfly-viscaria,desto-f1,hurricane-3,1.0000,1,Spin Control,0.2065,1.0000,5
Candidate,樊振东,fan-zhendong-alc,desto-f1,hurricane-8,1.0000,1,Rally,0.2065,1.0000,6
Candidate,张继科,butterfly-viscaria,desto-f1,hurricane-8,1.0000,1,Rally,0.2065,1.0000,7
Candidate,许昕,lin-gaoyuan-alc,desto-f1,hurricane-8,1.0000,1,Defense Counter,0.2065,1.0000,8
Candidate,林高远,harimoto-alc,desto-f1,hurricane-8,1.0000,1,Rally,0.2065,1.0000,5
Candidate,张本智和,butterfly-viscaria,hurricane-3,dignics-09c,1.0000,1,Spin Control,0.2065,1.0000,4
Candidate,马龙,stiga-cybershape-carbon,hurricane-3,dignics-09c,1.0000,1,Defense Counter,0.2065,1.0000,7
Candidate,樊振东,w968,hurricane-8,dignics-09c,1.0000,1,Spin Control,0.2065,1.0000,7
Candidate,马龙,lin-gaoyuan-alc,desto-f1,zyre-03,1.0000,1,Defense Counter,0.2065,1.0000,8
Candidate,张本智和,xu-xin-blue-label,dignics-09c,dignics-09c,1.0000,1,Defense Counter,0.2065,1.0000,5
Candidate,张本智和,harimoto-alc,tenergy-05,dna-platinum-m,1.0000,1,Rally,0.2065,1.0000,6
Candidate,樊振东,fan-zhendong-alc,desto-f1,dna-platinum-m,1.0000,1,Rally,0.2065,1.0000,8
Candidate,樊振东,butterfly-viscaria,tenergy-05,dignics-09c,1.0000,1,Spin Control,0.2065,1.0000,9
Candidate,莫雷加德,butterfly-viscaria,tenergy-05,desto-f1,1.0000,1,Defense Counter,0.2065,1.0000,7
Candidate,张继科,lin-gaoyuan-alc,dna-platinum-m,desto-f1,1.0000,1,Defense Counter,0.2065,1.0000,8
Candidate,王楚钦,q968,hurricane-3,hurricane-3,1.0000,1,Spin Control,0.2065,1.0000,6
Candidate,马龙,stiga-cybershape-carbon,dignics-09c,hurricane-3,1.0000,1,Defense Counter,0.2065,1.0000,9
Candidate,莫雷加德,harimoto-alc,zyre-03,dignics-09c,1.0000,1,Defense Counter,0.2065,1.0000,8
Candidate,樊振东,xu-xin-blue-label,dna-platinum-m,dignics-09c,1.0000,1,Defense Counter,0.2065,1.0000,10
Candidate,张继科,q968,dna-platinum-m,dignics-09c,1.0000,1,Spin Control,0.2065,1.0000,9
Candidate,许昕,stiga-cybershape-carbon,dna-platinum-m,dignics-09c,1.0000,1,Defense Counter,0.2065,1.0000,9
Candidate,王楚钦,fan-zhendong-alc,zyre-03,dignics-09c,1.0000,1,Spin Control,0.2065,1.0000,7
Candidate,王楚钦,xu-xin-blue-label,desto-f1,dignics-09c,1.0000,1,Defense Counter,0.2065,1.0000,8
Candidate,莫雷加德,stiga-cybershape-carbon,desto-f1,dignics-09c,1.0000,1,Defense Counter,0.2065,1.0000,9
Candidate,张继科,harimoto-alc,hurricane-3,tenergy-05,1.0000,1,Spin Control,0.2065,1.0000,10
Candidate,王楚钦,xu-xin-blue-label,hurricane-3,dna-platinum-m,1.0000,1,Defense Counter,0.2065,1.0000,9
Candidate,王楚钦,lin-gaoyuan-alc,hurricane-8,tenergy-05,1.0000,1,Defense Counter,0.2065,1.0000,10
Candidate,张本智和,harimoto-alc,hurricane-8,tenergy-05,1.0000,1,Rally,0.2065,1.0000,7
Candidate,莫雷加德,fan-zhendong-alc,dignics-09c,tenergy-05,1.0000,1,Defense Counter,0.2065,1.0000,10
Candidate,马龙,xu-xin-blue-label,dignics-09c,tenergy-05,1.0000,1,Defense Counter,0.2065,1.0000,10
Candidate,林高远,xu-xin-blue-label,tenergy-05,tenergy-05,1.0000,1,Defense Counter,0.2065,1.0000,6
Candidate,许昕,w968,hurricane-8,hurricane-8,1.0000,1,Defense Counter,0.2065,1.0000,10
Candidate,张本智和,butterfly-viscaria,tenergy-05,hurricane-8,1.0000,1,Rally,0.2065,1.0000,8
Candidate,林高远,stiga-cybershape-carbon,hurricane-8,dignics-09c,0.5000,2,Spin Control,0.0945,0.9055,7
Candidate,林高远,butterfly-viscaria,dna-platinum-m,hurricane-3,0.3333,3,Spin Control,0.0615,0.7923,8
Candidate,林高远,fan-zhendong-alc,hurricane-8,hurricane-3,0.0000,1,Spin Control,0.0000,0.7935,9
Candidate,张本智和,w968,hurricane-8,dignics-09c,0.0000,1,Spin Control,0.0000,0.7935,9
Candidate,张本智和,lin-gaoyuan-alc,zyre-03,zyre-03,0.0000,1,Defense Counter,0.0000,0.7935,10
Candidate,林高远,xu-xin-blue-label,hurricane-3,hurricane-8,0.0000,1,Defense Counter,0.0000,0.7935,10
