metric,value,count
reserve_at_counter,0,9097
reserve_at_counter,1,326
reserve_at_counter,2,7571
reserve_at_counter,3,1036
reserve_at_counter,4,2066
reserve_at_counter,5,26
reserve_at_counter,6,30
reserve_at_counter,7,26
reserve_at_counter,8,17
reserve_at_counter,9,22
reserve_at_counter,10,363
reserve_at_rally,0,6456
reserve_at_rally,1,85
reserve_at_rally,2,5344
reserve_at_rally,3,659
reserve_at_rally,4,581
reserve_at_rally,5,779
reserve_at_rally,6,666
reserve_at_rally,7,102
reserve_at_rally,8,51
reserve_at_rally,9,38
reserve_at_rally,10,32
reserve_at_rally,11,16
reserve_at_rally,12,13
reserve_at_rally,13,7
reserve_at_rally,14,803
rally_total_budget,20,6456
rally_total_budget,21,85
rally_total_budget,22,5344
rally_total_budget,23,659
rally_total_budget,24,581
rally_total_budget,25,779
rally_total_budget,26,666
rally_total_budget,27,102
rally_total_budget,28,51
rally_total_budget,29,38
rally_total_budget,30,32
rally_total_budget,31,16
rally_total_budget,32,13
rally_total_budget,33,7
rally_total_budget,34,803
