plan,metric,bucket,count,share_pct,mean,median,p75,p90,p95,max
C,counter_reserve,0,107296,35.948,3.256,3,6,6,6,15
C,counter_reserve,1,7967,2.669,3.256,3,6,6,6,15
C,counter_reserve,3,44697,14.975,3.256,3,6,6,6,15
C,counter_reserve,4,38987,13.062,3.256,3,6,6,6,15
C,counter_reserve,6,89526,29.995,3.256,3,6,6,6,15
C,counter_reserve,7,646,0.216,3.256,3,6,6,6,15
C,counter_reserve,9,596,0.200,3.256,3,6,6,6,15
C,counter_reserve,10,509,0.171,3.256,3,6,6,6,15
C,counter_reserve,12,459,0.154,3.256,3,6,6,6,15
C,counter_reserve,13,398,0.133,3.256,3,6,6,6,15
C,counter_reserve,15,7393,2.477,3.256,3,6,6,6,15
C,rally_reserve,0,44622,29.273,6.662,6,10,20,20,23
C,rally_reserve,1,1026,0.673,6.662,6,10,20,20,23
C,rally_reserve,2,1060,0.695,6.662,6,10,20,20,23
C,rally_reserve,3,7713,5.060,6.662,6,10,20,20,23
C,rally_reserve,5,21248,13.939,6.662,6,10,20,20,23
C,rally_reserve,6,4307,2.825,6.662,6,10,20,20,23
C,rally_reserve,7,23816,15.624,6.662,6,10,20,20,23
C,rally_reserve,8,3987,2.616,6.662,6,10,20,20,23
C,rally_reserve,10,23662,15.523,6.662,6,10,20,20,23
C,rally_reserve,11,741,0.486,6.662,6,10,20,20,23
C,rally_reserve,12,761,0.499,6.662,6,10,20,20,23
C,rally_reserve,13,389,0.255,6.662,6,10,20,20,23
C,rally_reserve,15,293,0.192,6.662,6,10,20,20,23
C,rally_reserve,16,290,0.190,6.662,6,10,20,20,23
C,rally_reserve,17,221,0.145,6.662,6,10,20,20,23
C,rally_reserve,18,147,0.096,6.662,6,10,20,20,23
C,rally_reserve,20,11052,7.250,6.662,6,10,20,20,23
C,rally_reserve,21,91,0.060,6.662,6,10,20,20,23
C,rally_reserve,22,7,0.005,6.662,6,10,20,20,23
C,rally_reserve,23,7003,4.594,6.662,6,10,20,20,23
C,rally_total_budget,≤20,44622,29.273,26.662,26,30,40,40,43
C,rally_total_budget,21–24,9799,6.428,26.662,26,30,40,40,43
C,rally_total_budget,25–29,53358,35.004,26.662,26,30,40,40,43
C,rally_total_budget,30–34,25553,16.763,26.662,26,30,40,40,43
C,rally_total_budget,≥35,19104,12.532,26.662,26,30,40,40,43
D,counter_reserve,0,107791,35.940,3.256,3,6,6,6,15
D,counter_reserve,1,7911,2.638,3.256,3,6,6,6,15
D,counter_reserve,3,44881,14.964,3.256,3,6,6,6,15
D,counter_reserve,4,39303,13.104,3.256,3,6,6,6,15
D,counter_reserve,6,90068,30.030,3.256,3,6,6,6,15
D,counter_reserve,7,603,0.201,3.256,3,6,6,6,15
D,counter_reserve,9,580,0.193,3.256,3,6,6,6,15
D,counter_reserve,10,515,0.172,3.256,3,6,6,6,15
D,counter_reserve,12,460,0.153,3.256,3,6,6,6,15
D,counter_reserve,13,400,0.133,3.256,3,6,6,6,15
D,counter_reserve,15,7410,2.471,3.256,3,6,6,6,15
D,rally_reserve,0,44904,29.277,8.159,7,12,24,24,28
D,rally_reserve,1,942,0.614,8.159,7,12,24,24,28
D,rally_reserve,3,1041,0.679,8.159,7,12,24,24,28
D,rally_reserve,4,7593,4.951,8.159,7,12,24,24,28
D,rally_reserve,6,21677,14.133,8.159,7,12,24,24,28
D,rally_reserve,7,4368,2.848,8.159,7,12,24,24,28
D,rally_reserve,9,23831,15.538,8.159,7,12,24,24,28
D,rally_reserve,10,3924,2.558,8.159,7,12,24,24,28
D,rally_reserve,12,23841,15.544,8.159,7,12,24,24,28
D,rally_reserve,13,715,0.466,8.159,7,12,24,24,28
D,rally_reserve,15,737,0.481,8.159,7,12,24,24,28
D,rally_reserve,16,382,0.249,8.159,7,12,24,24,28
D,rally_reserve,18,291,0.190,8.159,7,12,24,24,28
D,rally_reserve,19,288,0.188,8.159,7,12,24,24,28
D,rally_reserve,21,231,0.151,8.159,7,12,24,24,28
D,rally_reserve,22,156,0.102,8.159,7,12,24,24,28
D,rally_reserve,24,11310,7.374,8.159,7,12,24,24,28
D,rally_reserve,25,109,0.071,8.159,7,12,24,24,28
D,rally_reserve,27,8,0.005,8.159,7,12,24,24,28
D,rally_reserve,28,7026,4.581,8.159,7,12,24,24,28
D,rally_total_budget,≤20,44904,29.277,28.159,27,32,44,44,48
D,rally_total_budget,21–24,9576,6.244,28.159,27,32,44,44,48
D,rally_total_budget,25–29,49876,32.519,28.159,27,32,44,44,48
D,rally_total_budget,30–34,28480,18.569,28.159,27,32,44,44,48
D,rally_total_budget,≥35,20538,13.391,28.159,27,32,44,44,48
E,counter_reserve,0,107588,36.048,3.747,3,7,7,7,17
E,counter_reserve,1,7897,2.646,3.747,3,7,7,7,17
E,counter_reserve,3,44680,14.970,3.747,3,7,7,7,17
E,counter_reserve,5,38973,13.058,3.747,3,7,7,7,17
E,counter_reserve,7,89276,29.913,3.747,3,7,7,7,17
E,counter_reserve,8,611,0.205,3.747,3,7,7,7,17
E,counter_reserve,10,578,0.194,3.747,3,7,7,7,17
E,counter_reserve,12,504,0.169,3.747,3,7,7,7,17
E,counter_reserve,14,427,0.143,3.747,3,7,7,7,17
E,counter_reserve,15,387,0.130,3.747,3,7,7,7,17
E,counter_reserve,17,7535,2.525,3.747,3,7,7,7,17
E,rally_reserve,0,45015,29.375,7.187,6,11,21,21,26
E,rally_reserve,1,970,0.633,7.187,6,11,21,21,26
E,rally_reserve,2,1136,0.741,7.187,6,11,21,21,26
E,rally_reserve,3,7692,5.020,7.187,6,11,21,21,26
E,rally_reserve,5,11765,7.677,7.187,6,11,21,21,26
E,rally_reserve,6,10638,6.942,7.187,6,11,21,21,26
E,rally_reserve,7,23422,15.285,7.187,6,11,21,21,26
E,rally_reserve,8,4871,3.179,7.187,6,11,21,21,26
E,rally_reserve,10,3387,2.210,7.187,6,11,21,21,26
E,rally_reserve,11,23549,15.367,7.187,6,11,21,21,26
E,rally_reserve,12,628,0.410,7.187,6,11,21,21,26
E,rally_reserve,13,644,0.420,7.187,6,11,21,21,26
E,rally_reserve,15,454,0.296,7.187,6,11,21,21,26
E,rally_reserve,16,136,0.089,7.187,6,11,21,21,26
E,rally_reserve,17,324,0.211,7.187,6,11,21,21,26
E,rally_reserve,18,146,0.095,7.187,6,11,21,21,26
E,rally_reserve,20,213,0.139,7.187,6,11,21,21,26
E,rally_reserve,21,10942,7.140,7.187,6,11,21,21,26
E,rally_reserve,22,70,0.046,7.187,6,11,21,21,26
E,rally_reserve,23,95,0.062,7.187,6,11,21,21,26
E,rally_reserve,25,3,0.002,7.187,6,11,21,21,26
E,rally_reserve,26,7140,4.659,7.187,6,11,21,21,26
E,rally_total_budget,≤20,45015,29.375,27.187,26,31,41,41,46
E,rally_total_budget,21–24,9798,6.394,27.187,26,31,41,41,46
E,rally_total_budget,25–29,50696,33.083,27.187,26,31,41,41,46
E,rally_total_budget,30–34,28208,18.408,27.187,26,31,41,41,46
E,rally_total_budget,≥35,19523,12.740,27.187,26,31,41,41,46
