plan,category,metric,observations,value,unit,ci95_low_pct,ci95_high_pct
C,match_health,matches,20000,20000.000,matches,,
C,match_health,completed_matches,20000,19720.000,matches,,
C,match_health,censored_matches,20000,280.000,matches,,
C,match_health,censored_rate,20000,1.400,%,,
C,match_health,deuce_matches,20000,1460.000,matches,,
C,match_health,deuce_rate,20000,7.300,%,,
C,match_health,serve_to_counter_multiplier,20000,1.500,multiplier,,
C,match_health,counter_to_rally_multiplier,20000,1.250,multiplier,,
C,match_health,rally_first_attacker_win_rate,20000,53.330,%,,
C,match_health,rally_first_attacker_ci95_low,20000,52.976,%,,
C,match_health,rally_first_attacker_ci95_high,20000,53.684,%,,
C,match_health,rally_tie_break_rate,20000,43.759,%,,
C,match_health,rally_budget_ge35_rate,20000,12.532,%,,
C,resource_strategy,SaveForRallyBot_win_rate,7908,5.653,%,5.165,6.183
C,resource_strategy,AllInEarlyBot_win_rate,7864,82.973,%,82.126,83.788
C,resource_strategy,MinimumNeededBot_win_rate,7965,39.322,%,38.255,40.400
C,resource_strategy,BalancedReserveBot_win_rate,7842,39.671,%,38.594,40.759
C,resource_strategy,SpendAllBot_win_rate,7861,82.750,%,81.899,83.569
C,Serve,attack_spend_mean,310113,2.366,points,,
C,Serve,attack_spend_median,310113,2.000,points,,
C,Serve,attack_spend_p25,310113,1.000,points,,
C,Serve,attack_spend_p75,310113,4.000,points,,
C,Serve,defense_spend_mean,310113,6.676,points,,
C,Serve,defense_spend_median,310113,7.000,points,,
C,Serve,defense_spend_p25,310113,6.000,points,,
C,Serve,defense_spend_p75,310113,10.000,points,,
C,Counter,attack_spend_mean,149237,2.959,points,,
C,Counter,attack_spend_median,149237,4.000,points,,
C,Counter,attack_spend_p25,149237,2.000,points,,
C,Counter,attack_spend_p75,149237,4.000,points,,
C,Counter,defense_spend_mean,149237,6.071,points,,
C,Counter,defense_spend_median,149237,7.000,points,,
C,Counter,defense_spend_p25,149237,0.000,points,,
C,Counter,defense_spend_p75,149237,10.000,points,,
C,Rally,total_budget_mean,152436,26.662,points,,
C,Rally,total_budget_median,152436,26.000,points,,
C,Rally,total_budget_p25,152436,20.000,points,,
C,Rally,total_budget_p75,152436,30.000,points,,
C,Rally,attack_allocation_mean,76218,19.943,points,,
C,Rally,attack_allocation_median,76218,18.000,points,,
C,Rally,attack_allocation_p25,76218,18.000,points,,
C,Rally,attack_allocation_p75,76218,21.000,points,,
C,Rally,defense_allocation_mean,76218,25.792,points,,
C,Rally,defense_allocation_median,76218,24.000,points,,
C,Rally,defense_allocation_p25,76218,23.000,points,,
C,Rally,defense_allocation_p75,76218,28.000,points,,
D,match_health,matches,20000,20000.000,matches,,
D,match_health,completed_matches,20000,19702.000,matches,,
D,match_health,censored_matches,20000,298.000,matches,,
D,match_health,censored_rate,20000,1.490,%,,
D,match_health,deuce_matches,20000,1472.000,matches,,
D,match_health,deuce_rate,20000,7.360,%,,
D,match_health,serve_to_counter_multiplier,20000,1.500,multiplier,,
D,match_health,counter_to_rally_multiplier,20000,1.500,multiplier,,
D,match_health,rally_first_attacker_win_rate,20000,52.749,%,,
D,match_health,rally_first_attacker_ci95_low,20000,52.396,%,,
D,match_health,rally_first_attacker_ci95_high,20000,53.103,%,,
D,match_health,rally_tie_break_rate,20000,45.121,%,,
D,match_health,rally_budget_ge35_rate,20000,13.391,%,,
D,resource_strategy,SaveForRallyBot_win_rate,7892,6.133,%,5.624,6.684
D,resource_strategy,AllInEarlyBot_win_rate,7857,82.589,%,81.734,83.411
D,resource_strategy,MinimumNeededBot_win_rate,7970,39.059,%,37.993,40.135
D,resource_strategy,BalancedReserveBot_win_rate,7833,39.946,%,38.867,41.036
D,resource_strategy,SpendAllBot_win_rate,7852,82.616,%,81.762,83.438
D,Serve,attack_spend_mean,311629,2.364,points,,
D,Serve,attack_spend_median,311629,2.000,points,,
D,Serve,attack_spend_p25,311629,1.000,points,,
D,Serve,attack_spend_p75,311629,4.000,points,,
D,Serve,defense_spend_mean,311629,6.674,points,,
D,Serve,defense_spend_median,311629,7.000,points,,
D,Serve,defense_spend_p25,311629,6.000,points,,
D,Serve,defense_spend_p75,311629,10.000,points,,
D,Counter,attack_spend_mean,149961,2.961,points,,
D,Counter,attack_spend_median,149961,4.000,points,,
D,Counter,attack_spend_p25,149961,2.000,points,,
D,Counter,attack_spend_p75,149961,4.000,points,,
D,Counter,defense_spend_mean,149961,6.069,points,,
D,Counter,defense_spend_median,149961,7.000,points,,
D,Counter,defense_spend_p25,149961,0.000,points,,
D,Counter,defense_spend_p75,149961,10.000,points,,
D,Rally,total_budget_mean,153374,28.159,points,,
D,Rally,total_budget_median,153374,27.000,points,,
D,Rally,total_budget_p25,153374,20.000,points,,
D,Rally,total_budget_p75,153374,32.000,points,,
D,Rally,attack_allocation_mean,76687,20.764,points,,
D,Rally,attack_allocation_median,76687,19.000,points,,
D,Rally,attack_allocation_p25,76687,18.000,points,,
D,Rally,attack_allocation_p75,76687,23.000,points,,
D,Rally,defense_allocation_mean,76687,27.621,points,,
D,Rally,defense_allocation_median,76687,25.000,points,,
D,Rally,defense_allocation_p25,76687,24.000,points,,
D,Rally,defense_allocation_p75,76687,30.000,points,,
E,match_health,matches,20000,20000.000,matches,,
E,match_health,completed_matches,20000,19695.000,matches,,
E,match_health,censored_matches,20000,305.000,matches,,
E,match_health,censored_rate,20000,1.525,%,,
E,match_health,deuce_matches,20000,1439.000,matches,,
E,match_health,deuce_rate,20000,7.195,%,,
E,match_health,serve_to_counter_multiplier,20000,1.750,multiplier,,
E,match_health,counter_to_rally_multiplier,20000,1.250,multiplier,,
E,match_health,rally_first_attacker_win_rate,20000,52.507,%,,
E,match_health,rally_first_attacker_ci95_low,20000,52.153,%,,
E,match_health,rally_first_attacker_ci95_high,20000,52.861,%,,
E,match_health,rally_tie_break_rate,20000,43.682,%,,
E,match_health,rally_budget_ge35_rate,20000,12.740,%,,
E,resource_strategy,SaveForRallyBot_win_rate,7905,5.806,%,5.312,6.344
E,resource_strategy,AllInEarlyBot_win_rate,7844,82.942,%,82.094,83.759
E,resource_strategy,MinimumNeededBot_win_rate,7967,39.362,%,38.295,40.440
E,resource_strategy,BalancedReserveBot_win_rate,7833,39.576,%,38.499,40.664
E,resource_strategy,SpendAllBot_win_rate,7841,82.821,%,81.970,83.640
E,Serve,attack_spend_mean,310880,2.368,points,,
E,Serve,attack_spend_median,310880,2.000,points,,
E,Serve,attack_spend_p25,310880,1.000,points,,
E,Serve,attack_spend_p75,310880,4.000,points,,
E,Serve,defense_spend_mean,310880,6.678,points,,
E,Serve,defense_spend_median,310880,7.000,points,,
E,Serve,defense_spend_p25,310880,6.000,points,,
E,Serve,defense_spend_p75,310880,10.000,points,,
E,Counter,attack_spend_mean,149228,2.960,points,,
E,Counter,attack_spend_median,149228,4.000,points,,
E,Counter,attack_spend_p25,149228,2.000,points,,
E,Counter,attack_spend_p75,149228,4.000,points,,
E,Counter,defense_spend_mean,149228,6.155,points,,
E,Counter,defense_spend_median,149228,7.000,points,,
E,Counter,defense_spend_p25,149228,0.000,points,,
E,Counter,defense_spend_p75,149228,10.000,points,,
E,Rally,total_budget_mean,153240,27.187,points,,
E,Rally,total_budget_median,153240,26.000,points,,
E,Rally,total_budget_p25,153240,20.000,points,,
E,Rally,total_budget_p75,153240,31.000,points,,
E,Rally,attack_allocation_mean,76620,20.404,points,,
E,Rally,attack_allocation_median,76620,19.000,points,,
E,Rally,attack_allocation_p25,76620,18.000,points,,
E,Rally,attack_allocation_p75,76620,22.000,points,,
E,Rally,defense_allocation_mean,76620,26.330,points,,
E,Rally,defense_allocation_median,76620,24.000,points,,
E,Rally,defense_allocation_p25,76620,23.000,points,,
E,Rally,defense_allocation_p75,76620,28.000,points,,
