plan,row_type,player_id_or_tier_pair,player_or_tier_matchup,tier,matches,completed,wins,win_pct,ci95_low_pct,ci95_high_pct
C,player,fan-zhendong,樊振东,480,5012,4958,2977,60.044,58.674,61.399
C,player,lin-gaoyuan,林高远,440,4996,4950,2089,42.202,40.833,43.583
C,player,ma-long,马龙,480,5012,4960,2946,59.395,58.022,60.754
C,player,tomokazu-harimoto,张本智和,440,4996,4959,1946,39.242,37.892,40.609
C,player,truls-moregard,莫雷加德,440,4996,4858,2000,41.169,39.793,42.560
C,player,wang-chuqin,王楚钦,460,4996,4902,2557,52.162,50.763,53.559
C,player,xu-xin,许昕,460,4996,4932,2451,49.696,48.301,51.091
C,player,zhang-jike,张继科,480,4996,4921,2754,55.964,54.573,57.346
C,tier_matchup,480|480,480 vs 480,480,2820,5590,2795,50.000,48.690,51.310
C,tier_matchup,480|460,480 vs 460,480/460,3752,3701,2119,57.255,55.654,58.840
C,tier_matchup,480|440,480 vs 440,480/440,5628,5548,3763,67.826,66.585,69.043
C,tier_matchup,460|460,460 vs 460,460,1248,2450,1225,50.000,48.022,51.978
C,tier_matchup,460|440,460 vs 440,460/440,3744,3683,2201,59.761,58.168,61.334
C,tier_matchup,440|440,440 vs 440,440,2808,5536,2768,50.000,48.683,51.317
D,player,fan-zhendong,樊振东,480,5012,4957,2970,59.915,58.544,61.271
D,player,lin-gaoyuan,林高远,440,4996,4948,2056,41.552,40.186,42.931
D,player,ma-long,马龙,480,5012,4951,2957,59.725,58.352,61.083
D,player,tomokazu-harimoto,张本智和,440,4996,4949,1941,39.220,37.869,40.588
D,player,truls-moregard,莫雷加德,440,4996,4853,1991,41.026,39.650,42.417
D,player,wang-chuqin,王楚钦,460,4996,4897,2568,52.440,51.040,53.837
D,player,xu-xin,许昕,460,4996,4929,2446,49.625,48.230,51.020
D,player,zhang-jike,张继科,480,4996,4920,2773,56.362,54.972,57.742
D,tier_matchup,480|480,480 vs 480,480,2820,5586,2793,50.000,48.689,51.311
D,tier_matchup,480|460,480 vs 460,480/460,3752,3702,2126,57.428,55.829,59.013
D,tier_matchup,480|440,480 vs 440,480/440,5628,5540,3781,68.249,67.011,69.462
D,tier_matchup,460|460,460 vs 460,460,1248,2448,1224,50.000,48.021,51.979
D,tier_matchup,460|440,460 vs 440,460/440,3744,3676,2214,60.229,58.636,61.799
D,tier_matchup,440|440,440 vs 440,440,2808,5534,2767,50.000,48.683,51.317
E,player,fan-zhendong,樊振东,480,5012,4952,2991,60.400,59.030,61.753
E,player,lin-gaoyuan,林高远,440,4996,4945,2065,41.759,40.392,43.140
E,player,ma-long,马龙,480,5012,4957,2938,59.270,57.895,60.630
E,player,tomokazu-harimoto,张本智和,440,4996,4945,1936,39.151,37.799,40.519
E,player,truls-moregard,莫雷加德,440,4996,4850,1995,41.134,39.757,42.525
E,player,wang-chuqin,王楚钦,460,4996,4901,2564,52.316,50.916,53.712
E,player,xu-xin,许昕,460,4996,4922,2455,49.878,48.482,51.274
E,player,zhang-jike,张继科,480,4996,4918,2751,55.937,54.546,57.320
E,tier_matchup,480|480,480 vs 480,480,2820,5584,2792,50.000,48.689,51.311
E,tier_matchup,480|460,480 vs 460,480/460,3752,3705,2118,57.166,55.566,58.751
E,tier_matchup,480|440,480 vs 440,480/440,5628,5538,3770,68.075,66.835,69.290
E,tier_matchup,460|460,460 vs 460,460,1248,2448,1224,50.000,48.021,51.979
E,tier_matchup,460|440,460 vs 440,460/440,3744,3670,2208,60.163,58.570,61.736
E,tier_matchup,440|440,440 vs 440,440,2808,5532,2766,50.000,48.683,51.317
