plan,stage,role,remaining_points_bucket,observations,point_wins,point_win_pct,game_completed_observations,game_wins,game_win_pct,match_completed_observations,match_wins,match_win_pct
C,Counter,attack,0,73014,58807,80.542,72769,66198,90.970,72769,66198,90.970
C,Counter,attack,1–2,2232,1456,65.233,2221,1898,85.457,2221,1898,85.457
C,Counter,attack,3–4,9646,6133,63.581,9530,6433,67.503,9530,6433,67.503
C,Counter,attack,5–7,20587,14813,71.953,20536,13357,65.042,20536,13357,65.042
C,Counter,attack,8–11,35150,20998,59.738,34695,21891,63.096,34695,21891,63.096
C,Counter,attack,12+,8608,6383,74.152,8497,3870,45.545,8497,3870,45.545
C,Counter,defense,0,27434,9347,34.071,27303,15235,55.800,27303,15235,55.800
C,Counter,defense,1–2,1067,349,32.709,1063,277,26.058,1063,277,26.058
C,Counter,defense,3–4,36940,12031,32.569,36868,7762,21.053,36868,7762,21.053
C,Counter,defense,5–7,35197,9908,28.150,35086,7781,22.177,35086,7781,22.177
C,Counter,defense,8–11,2024,554,27.372,2012,462,22.962,2012,462,22.962
C,Counter,defense,12+,46575,8458,18.160,45916,3084,6.717,45916,3084,6.717
C,Serve,attack,0,130569,109374,83.767,124129,94699,76.291,124129,94699,76.291
C,Serve,attack,1,12110,6802,56.168,11976,4894,40.865,11976,4894,40.865
C,Serve,attack,2,80012,48762,60.943,76233,31830,41.754,76233,31830,41.754
C,Serve,attack,3,14993,8751,58.367,14708,6268,42.616,14708,6268,42.616
C,Serve,attack,4,72429,27834,38.429,69625,11407,16.383,69625,11407,16.383
D,Counter,attack,0,73482,58858,80.099,73046,66126,90.527,73046,66126,90.527
D,Counter,attack,1–2,2173,1406,64.703,2159,1867,86.475,2159,1867,86.475
D,Counter,attack,3–4,9842,6180,62.792,9719,6310,64.924,9719,6310,64.924
D,Counter,attack,5–7,20524,15032,73.241,20487,13312,64.978,20487,13312,64.978
D,Counter,attack,8–11,35305,21367,60.521,34717,22031,63.459,34717,22031,63.459
D,Counter,attack,12+,8635,6666,77.197,8453,3887,45.984,8453,3887,45.984
D,Counter,defense,0,27614,8908,32.259,27412,15082,55.020,27412,15082,55.020
D,Counter,defense,1–2,1025,361,35.220,1017,266,26.155,1017,266,26.155
D,Counter,defense,3–4,37156,12090,32.538,37119,7912,21.315,37119,7912,21.315
D,Counter,defense,5–7,35204,9784,27.792,35058,7976,22.751,35058,7976,22.751
D,Counter,defense,8–11,2033,554,27.250,2022,490,24.233,2022,490,24.233
D,Counter,defense,12+,46929,8755,18.656,45953,3322,7.229,45953,3322,7.229
D,Serve,attack,0,131108,109467,83.494,124331,94642,76.121,124331,94642,76.121
D,Serve,attack,1,12142,6857,56.473,11984,4911,40.980,11984,4911,40.980
D,Serve,attack,2,80371,48840,60.768,76376,32139,42.080,76376,32139,42.080
D,Serve,attack,3,15159,8830,58.249,14913,6160,41.306,14913,6160,41.306
D,Serve,attack,4,72849,28126,38.609,69707,11646,16.707,69707,11646,16.707
E,Counter,attack,0,73158,58727,80.274,72768,66069,90.794,72768,66069,90.794
E,Counter,attack,1–2,2265,1485,65.563,2254,1948,86.424,2254,1948,86.424
E,Counter,attack,3–4,2375,1314,55.326,2366,1893,80.008,2366,1893,80.008
E,Counter,attack,5–7,22193,15656,70.545,22075,14085,63.805,22075,14085,63.805
E,Counter,attack,8–11,39992,24708,61.782,39532,25177,63.688,39532,25177,63.688
E,Counter,attack,12+,9245,7107,76.874,9063,4269,47.104,9063,4269,47.104
E,Counter,defense,0,27437,9143,33.324,27207,15079,55.423,27207,15079,55.423
E,Counter,defense,1–2,1051,353,33.587,1046,277,26.482,1046,277,26.482
E,Counter,defense,3–4,29147,8987,30.833,29115,5943,20.412,29115,5943,20.412
E,Counter,defense,5–7,42921,12928,30.120,42742,9746,22.802,42742,9746,22.802
E,Counter,defense,8–11,1923,491,25.533,1911,444,23.234,1911,444,23.234
E,Counter,defense,12+,46749,8329,17.816,46037,3128,6.795,46037,3128,6.795
E,Serve,attack,0,131198,109779,83.674,123825,94661,76.447,123825,94661,76.447
E,Serve,attack,1,12178,6971,57.243,11992,4994,41.644,11992,4994,41.644
E,Serve,attack,2,79892,48459,60.656,75958,31503,41.474,75958,31503,41.474
E,Serve,attack,3,15057,8858,58.830,14807,6275,42.379,14807,6275,42.379
E,Serve,attack,4,72555,27816,38.338,69658,11525,16.545,69658,11525,16.545
