plan,policy_a,policy_b,matches,a_wins,b_wins,censored,a_win_pct,a_ci95_low_pct,a_ci95_high_pct,b_win_pct,b_ci95_low_pct,b_ci95_high_pct,warning
C,AllInEarlyBot,MinimumNeededBot,2000,1846,153,1,92.346,91.098,93.432,7.654,6.568,8.902,DOMINANT_RESOURCE_STRATEGY_WARNING
C,AllInEarlyBot,BalancedReserveBot,2000,1736,215,49,88.980,87.513,90.294,11.020,9.706,12.487,DOMINANT_RESOURCE_STRATEGY_WARNING
C,SpendAllBot,SaveForRallyBot,2000,1969,19,12,99.044,98.512,99.387,0.956,0.613,1.488,DOMINANT_RESOURCE_STRATEGY_WARNING
C,SaveForRallyBot,BalancedReserveBot,2000,360,1590,50,18.462,16.802,20.245,81.538,79.755,83.198,DOMINANT_RESOURCE_STRATEGY_WARNING
C,MinimumNeededBot,BalancedReserveBot,2000,905,1084,11,45.500,43.323,47.695,54.500,52.305,56.677,
C,AllInEarlyBot,SaveForRallyBot,2000,1968,22,10,98.894,98.332,99.269,1.106,0.731,1.668,DOMINANT_RESOURCE_STRATEGY_WARNING
C,AllInEarlyBot,SpendAllBot,2000,975,949,76,50.676,48.443,52.906,49.324,47.094,51.557,
C,MinimumNeededBot,SaveForRallyBot,2000,1934,46,20,97.677,96.915,98.254,2.323,1.746,3.085,DOMINANT_RESOURCE_STRATEGY_WARNING
C,MinimumNeededBot,SpendAllBot,2000,140,1857,3,7.011,5.971,8.215,92.989,91.785,94.029,DOMINANT_RESOURCE_STRATEGY_WARNING
C,BalancedReserveBot,SpendAllBot,2000,222,1730,48,11.373,10.040,12.858,88.627,87.142,89.960,DOMINANT_RESOURCE_STRATEGY_WARNING
D,AllInEarlyBot,MinimumNeededBot,2000,1840,159,1,92.046,90.778,93.153,7.954,6.847,9.222,DOMINANT_RESOURCE_STRATEGY_WARNING
D,AllInEarlyBot,BalancedReserveBot,2000,1719,234,47,88.018,86.503,89.385,11.982,10.615,13.497,DOMINANT_RESOURCE_STRATEGY_WARNING
D,SpendAllBot,SaveForRallyBot,2000,1961,26,13,98.691,98.090,99.105,1.309,0.895,1.910,DOMINANT_RESOURCE_STRATEGY_WARNING
D,SaveForRallyBot,BalancedReserveBot,2000,379,1563,58,19.516,17.814,21.338,80.484,78.662,82.186,DOMINANT_RESOURCE_STRATEGY_WARNING
D,MinimumNeededBot,BalancedReserveBot,2000,882,1111,7,44.255,42.087,46.444,55.745,53.556,57.913,
D,AllInEarlyBot,SaveForRallyBot,2000,1956,25,19,98.738,98.144,99.144,1.262,0.856,1.856,DOMINANT_RESOURCE_STRATEGY_WARNING
D,AllInEarlyBot,SpendAllBot,2000,974,950,76,50.624,48.391,52.854,49.376,47.146,51.609,
D,MinimumNeededBot,SaveForRallyBot,2000,1928,54,18,97.275,96.462,97.906,2.725,2.094,3.538,DOMINANT_RESOURCE_STRATEGY_WARNING
D,MinimumNeededBot,SpendAllBot,2000,144,1852,4,7.214,6.160,8.434,92.786,91.566,93.840,DOMINANT_RESOURCE_STRATEGY_WARNING
D,BalancedReserveBot,SpendAllBot,2000,221,1724,55,11.362,10.028,12.850,88.638,87.150,89.972,DOMINANT_RESOURCE_STRATEGY_WARNING
E,AllInEarlyBot,MinimumNeededBot,2000,1838,160,2,91.992,90.720,93.103,8.008,6.897,9.280,DOMINANT_RESOURCE_STRATEGY_WARNING
E,AllInEarlyBot,BalancedReserveBot,2000,1731,215,54,88.952,87.481,90.269,11.048,9.731,12.519,DOMINANT_RESOURCE_STRATEGY_WARNING
E,SpendAllBot,SaveForRallyBot,2000,1972,15,13,99.245,98.758,99.542,0.755,0.458,1.242,DOMINANT_RESOURCE_STRATEGY_WARNING
E,SaveForRallyBot,BalancedReserveBot,2000,373,1578,49,19.118,17.435,20.923,80.882,79.077,82.565,DOMINANT_RESOURCE_STRATEGY_WARNING
E,MinimumNeededBot,BalancedReserveBot,2000,896,1096,8,44.980,42.807,47.172,55.020,52.828,57.193,
E,AllInEarlyBot,SaveForRallyBot,2000,1962,23,15,98.841,98.267,99.227,1.159,0.773,1.733,DOMINANT_RESOURCE_STRATEGY_WARNING
E,AllInEarlyBot,SpendAllBot,2000,975,940,85,50.914,48.675,53.149,49.086,46.851,51.325,
E,MinimumNeededBot,SaveForRallyBot,2000,1934,48,18,97.578,96.804,98.169,2.422,1.831,3.196,DOMINANT_RESOURCE_STRATEGY_WARNING
E,MinimumNeededBot,SpendAllBot,2000,146,1849,5,7.318,6.256,8.545,92.682,91.455,93.744,DOMINANT_RESOURCE_STRATEGY_WARNING
E,BalancedReserveBot,SpendAllBot,2000,211,1733,56,10.854,9.548,12.315,89.146,87.685,90.452,DOMINANT_RESOURCE_STRATEGY_WARNING
