phase,parameter,value,matches,a_seat_wins,censored_draws,a_seat_win_rate,ci95_low,ci95_high
one_factor,attackBonus,3,200,93,15,0.4650,0.3972,0.5341
one_factor,attackBonus,5,200,82,27,0.4100,0.3442,0.4792
one_factor,defensePool,6,200,93,22,0.4650,0.3972,0.5341
one_factor,defensePool,7,200,81,22,0.4050,0.3394,0.4742
one_factor,defensePool,9,200,90,22,0.4500,0.3826,0.5192
one_factor,defensePool,10,200,92,19,0.4600,0.3923,0.5292
one_factor,defenderVisibleTopK,2,200,96,20,0.4800,0.4118,0.5490
one_factor,defenderVisibleTopK,4,200,97,18,0.4850,0.4167,0.5539
one_factor,serviceThreshold,4,200,75,35,0.3750,0.3109,0.4439
one_factor,serviceThreshold,6,200,94,12,0.4700,0.4020,0.5391
one_factor,counterThreshold,4,200,97,11,0.4850,0.4167,0.5539
one_factor,counterThreshold,6,200,87,34,0.4350,0.3682,0.5043
one_factor,rallyThreshold,3,200,83,27,0.4150,0.3489,0.4843
one_factor,rallyThreshold,5,200,90,13,0.4500,0.3826,0.5192
one_factor,rallyMaxComparisons,4,200,94,15,0.4700,0.4020,0.5391
one_factor,rallyMaxComparisons,6,200,101,18,0.5050,0.4363,0.5735
focused_validation,candidate_1,"{""attackBonus"":3,""defensePool"":8,""defenderVisibleTopK"":3,""serviceThreshold"":5,""counterThreshold"":5,""rallyThreshold"":4,""rallyMaxComparisons"":5,""explorationEpsilon"":0.05}",10000,4500,750,0.4500,0.4403,0.4598
focused_validation,candidate_2,"{""attackBonus"":4,""defensePool"":6,""defenderVisibleTopK"":3,""serviceThreshold"":5,""counterThreshold"":5,""rallyThreshold"":4,""rallyMaxComparisons"":5,""explorationEpsilon"":0.05}",10000,4242,1235,0.4242,0.4145,0.4339
focused_validation,candidate_3,"{""attackBonus"":4,""defensePool"":8,""defenderVisibleTopK"":4,""serviceThreshold"":5,""counterThreshold"":5,""rallyThreshold"":4,""rallyMaxComparisons"":5,""explorationEpsilon"":0.05}",10000,4367,978,0.4367,0.4270,0.4464
