mode,player_id,player,tier,matches,wins,censored_draws,completed_matches,win_rate,ci95_low,ci95_high,sample_status
Legacy,ma-long,马龙,480,275,135,6,269,0.5019,0.4425,0.5612,ok
Legacy,fan-zhendong,樊振东,480,225,156,7,218,0.7156,0.6524,0.7713,ok
Legacy,zhang-jike,张继科,480,250,176,3,247,0.7126,0.6532,0.7654,ok
Legacy,xu-xin,许昕,460,250,115,6,244,0.4713,0.4096,0.5339,ok
Legacy,lin-gaoyuan,林高远,440,275,82,6,269,0.3048,0.2529,0.3623,ok
Legacy,wang-chuqin,王楚钦,460,225,116,3,222,0.5225,0.4570,0.5873,ok
Legacy,tomokazu-harimoto,张本智和,440,250,115,11,239,0.4812,0.4186,0.5443,ok
Legacy,truls-moregard,莫雷加德,440,250,80,8,242,0.3306,0.2744,0.3921,ok
Candidate,ma-long,马龙,480,275,121,33,242,0.5000,0.4375,0.5625,ok
Candidate,fan-zhendong,樊振东,480,225,142,17,208,0.6827,0.6166,0.7421,ok
Candidate,zhang-jike,张继科,480,250,153,38,212,0.7217,0.6578,0.7777,ok
Candidate,xu-xin,许昕,460,250,106,39,211,0.5024,0.4355,0.5692,ok
Candidate,lin-gaoyuan,林高远,440,275,87,26,249,0.3494,0.2929,0.4105,ok
Candidate,wang-chuqin,王楚钦,460,225,100,24,201,0.4975,0.4291,0.5660,ok
Candidate,tomokazu-harimoto,张本智和,440,250,83,34,216,0.3843,0.3220,0.4506,ok
Candidate,truls-moregard,莫雷加德,440,250,86,33,217,0.3963,0.3336,0.4627,ok
