rank,stage,ability,role,average_project_base,top_player,top_player_value,lowest_player,lowest_player_value
1,相持阶段,防守反击,defense,8.250,马龙,9,王楚钦,6.5
2,反制阶段,接发变化,attack,8.250,樊振东,9,张本智和,7
3,发球阶段,发球变化,attack,8.125,马龙,9,张本智和,7
4,发球阶段,发球变化,defense,8.063,马龙,8.5,樊振东,6.5
5,反制阶段,接发变化,defense,8.063,马龙,9,张本智和,7
6,发球阶段,发球落点,defense,8.000,樊振东,9,王楚钦,7
7,发球阶段,发球旋转,defense,7.938,马龙,8.5,莫雷加德,7
8,反制阶段,挑打,attack,7.875,张继科,9,马龙,6.5
9,相持阶段,相持,defense,7.875,张继科,8.5,张本智和,7
10,反制阶段,摆短,defense,7.813,樊振东,8.5,王楚钦,6
11,反制阶段,拧拉,attack,7.813,樊振东,9,许昕,6
12,反制阶段,挑打,defense,7.813,马龙,8.5,樊振东,6.5
13,相持阶段,变线,attack,7.750,马龙,9,张本智和,6
14,发球阶段,发球欺骗,defense,7.750,马龙,8,莫雷加德,7
15,反制阶段,摆短,attack,7.688,马龙,8.5,莫雷加德,7
16,相持阶段,拉冲,attack,7.688,张继科,9,莫雷加德,6
17,反制阶段,拧拉,defense,7.625,林高远,8.5,莫雷加德,7
18,相持阶段,变线,defense,7.563,许昕,8.5,林高远,6
19,发球阶段,发球落点,attack,7.563,马龙,9,林高远,6
20,发球阶段,发球旋转,attack,7.563,樊振东,8.5,林高远,6
21,发球阶段,发球欺骗,attack,7.500,张继科,9,张本智和,6
22,相持阶段,防守反击,attack,7.500,张继科,8.5,樊振东,6.5
23,反制阶段,劈长,defense,7.438,马龙,9,王楚钦,6
24,相持阶段,相持,attack,7.375,马龙,8.5,林高远,6
25,相持阶段,连续进攻,defense,7.313,马龙,8.5,王楚钦,6.5
26,相持阶段,拉冲,defense,7.188,马龙,8,林高远,6
27,相持阶段,连续进攻,attack,7.188,樊振东,9,莫雷加德,6
28,反制阶段,劈长,attack,7.188,樊振东,8.5,莫雷加德,6
29,发球阶段,发球速度,attack,7.125,樊振东,9,莫雷加德,6
30,发球阶段,发球速度,defense,7.125,张本智和,8.5,莫雷加德,6
