player_a,player_b,matches,a_wins,b_wins,censored,a_win_rate_pct,ci95_low_pct,ci95_high_pct
ma-long,ma-long,312,148,164,0,47.436,41.960,52.974
ma-long,fan-zhendong,313,109,204,0,34.824,29.759,40.257
ma-long,zhang-jike,313,189,124,0,60.383,54.871,65.644
ma-long,xu-xin,313,260,53,0,83.067,78.517,86.815
ma-long,lin-gaoyuan,313,306,7,0,97.764,95.456,98.913
ma-long,wang-chuqin,313,225,88,0,71.885,66.662,76.577
ma-long,tomokazu-harimoto,313,268,45,0,85.623,81.304,89.078
ma-long,truls-moregard,313,304,9,0,97.125,94.626,98.480
fan-zhendong,ma-long,313,208,105,0,66.454,61.051,71.457
fan-zhendong,fan-zhendong,312,163,149,0,52.244,46.708,57.725
fan-zhendong,zhang-jike,313,257,56,0,82.109,77.481,85.958
fan-zhendong,xu-xin,313,296,17,0,94.569,91.475,96.582
fan-zhendong,lin-gaoyuan,313,303,10,0,96.805,94.220,98.256
fan-zhendong,wang-chuqin,313,264,49,0,84.345,79.906,87.951
fan-zhendong,tomokazu-harimoto,313,289,24,0,92.332,88.845,94.793
fan-zhendong,truls-moregard,313,295,18,0,94.249,91.094,96.332
zhang-jike,ma-long,313,113,200,0,36.102,30.979,41.562
zhang-jike,fan-zhendong,313,62,251,0,19.808,15.771,24.578
zhang-jike,zhang-jike,312,167,145,0,53.526,47.982,58.983
zhang-jike,xu-xin,313,228,85,0,72.843,67.661,77.472
zhang-jike,lin-gaoyuan,313,285,28,0,91.054,87.375,93.738
zhang-jike,wang-chuqin,313,145,164,4,46.926,41.433,52.494
zhang-jike,tomokazu-harimoto,312,248,64,0,79.487,74.661,83.596
zhang-jike,truls-moregard,312,294,18,0,94.231,91.066,96.320
xu-xin,ma-long,313,63,250,0,20.128,16.060,24.920
xu-xin,fan-zhendong,313,13,300,0,4.153,2.443,6.975
xu-xin,zhang-jike,313,75,238,0,23.962,19.567,28.988
xu-xin,xu-xin,312,153,159,0,49.038,43.537,54.563
xu-xin,lin-gaoyuan,312,256,56,0,82.051,77.411,85.912
xu-xin,wang-chuqin,312,98,214,0,31.410,26.512,36.760
xu-xin,tomokazu-harimoto,312,176,136,0,56.410,50.863,61.802
xu-xin,truls-moregard,312,282,30,0,90.385,86.605,93.182
lin-gaoyuan,ma-long,313,13,300,0,4.153,2.443,6.975
lin-gaoyuan,fan-zhendong,313,9,304,0,2.875,1.520,5.374
lin-gaoyuan,zhang-jike,313,21,292,0,6.709,4.430,10.038
lin-gaoyuan,xu-xin,312,66,246,0,21.154,16.987,26.022
lin-gaoyuan,lin-gaoyuan,312,160,152,0,51.282,45.754,56.779
lin-gaoyuan,wang-chuqin,312,34,278,0,10.897,7.904,14.842
lin-gaoyuan,tomokazu-harimoto,312,52,260,0,16.667,12.942,21.202
lin-gaoyuan,truls-moregard,312,167,145,0,53.526,47.982,58.983
wang-chuqin,ma-long,313,69,244,0,22.045,17.807,26.961
wang-chuqin,fan-zhendong,313,41,272,0,13.099,9.805,17.288
wang-chuqin,zhang-jike,313,181,132,0,57.827,52.294,63.171
wang-chuqin,xu-xin,312,220,92,0,70.513,65.228,75.298
wang-chuqin,lin-gaoyuan,312,291,21,0,93.269,89.930,95.556
wang-chuqin,wang-chuqin,312,154,158,0,49.359,43.853,54.881
wang-chuqin,tomokazu-harimoto,312,160,152,0,51.282,45.754,56.779
wang-chuqin,truls-moregard,312,281,31,0,90.064,86.242,92.912
tomokazu-harimoto,ma-long,313,42,271,0,13.419,10.083,17.641
tomokazu-harimoto,fan-zhendong,313,26,287,0,8.307,5.732,11.893
tomokazu-harimoto,zhang-jike,312,57,255,0,18.269,14.376,22.934
tomokazu-harimoto,xu-xin,312,117,195,0,37.500,32.311,42.993
tomokazu-harimoto,lin-gaoyuan,312,270,42,0,86.538,82.304,89.884
tomokazu-harimoto,wang-chuqin,312,150,162,0,48.077,42.590,53.610
tomokazu-harimoto,tomokazu-harimoto,312,156,156,0,50.000,44.486,55.514
tomokazu-harimoto,truls-moregard,312,256,56,0,82.051,77.411,85.912
truls-moregard,ma-long,313,9,304,0,2.875,1.520,5.374
truls-moregard,fan-zhendong,313,22,291,0,7.029,4.687,10.412
truls-moregard,zhang-jike,312,25,287,0,8.013,5.486,11.561
truls-moregard,xu-xin,312,32,280,0,10.256,7.359,14.120
truls-moregard,lin-gaoyuan,312,145,167,0,46.474,41.017,52.018
truls-moregard,wang-chuqin,312,27,285,0,8.654,6.015,12.298
truls-moregard,tomokazu-harimoto,312,56,256,0,17.949,14.088,22.589
truls-moregard,truls-moregard,312,165,147,0,52.885,47.344,58.355
