metric,category,value,count
attack_spend,service,0,26
attack_spend,service,2,97
attack_spend,service,4,23
defense_average_spend,service,8.232876712328768,146
defense_average_unspent,service,1.7671232876712328,146
attack_spend,receive,0,21
attack_spend,receive,2,75
attack_spend,receive,4,21
defense_average_spend,receive,9.444444444444445,117
defense_average_unspent,receive,2.7435897435897436,117
reserve_at_counter,0,0,102
reserve_at_counter,2,2,80
reserve_at_counter,3,3,7
reserve_at_counter,4,4,24
reserve_at_counter,10,10,21
reserve_at_rally,0,0,84
reserve_at_rally,2,2,55
reserve_at_rally,4,4,4
reserve_at_rally,5,5,8
reserve_at_rally,14,14,35
rally_budget,20,20,84
rally_budget,22,22,55
rally_budget,24,24,4
rally_budget,25,25,8
rally_budget,34,34,35
defense_hhi_average,all_defenses,0.25459644947966525,263
defense_hhi_maximum,all_defenses,0.7222222222222223,263
rally_attack_points,loop_drive.attack,421,0
rally_attack_points,rally_exchange.attack,375,0
rally_attack_points,line_change.attack,373,0
rally_attack_points,counterattack.attack,371,0
rally_attack_points,continuous_attack.attack,343,0
policy_head_to_head_seat_a,SaveForRallyBot|WeaknessHunterBot,100.00,1
policy_head_to_head_seat_a,BalancedReserveBot|AllInEarlyBot,0.00,1
policy_head_to_head_seat_a,RandomBot|FortressBot,100.00,1
policy_head_to_head_seat_a,SaveForRallyBot|Top3AwareDefenseBot,0.00,1
policy_head_to_head_seat_a,RandomBot|MinimumNeededBot,0.00,1
policy_head_to_head_seat_a,RandomBot|WeaknessHunterBot,0.00,1
policy_head_to_head_seat_a,SpendAllBot|BalancedBot,100.00,1
policy_head_to_head_seat_a,FortressBot|AdaptiveBot,100.00,1
policy_head_to_head_seat_a,AllInEarlyBot|BluffDefenseBot,100.00,1
policy_head_to_head_seat_a,AdaptiveBot|SaveForRallyBot,0.00,1
